Tweet,Followees,Followers,No of posts,Retweet count,Favorite count,Positive words,Negative words,No: of Words
"@arshu_it So sad to see her in this way üíî , it's hurting",2178,2955,18361,0,0,0,2,13
@_trillzo I can ... but only bc I unfortunately have experienced people like this ‚òπÔ∏è I wanna beat they ass now off‚Ä¶ https://t.co/ovY3WM0ARr,1853,2355,131765,0,0,1,1,23
"@EMauroCBC Cost of Food, Building Material, Gas among other items have dramatically increased.  Someone is benefiti‚Ä¶ https://t.co/HhOLuZEZlr",549,69,4489,0,0,0,0,18
@owen_M12 @Hazzardlol You would only be hurting yourself,576,350,1686,0,1,0,1,8
Since my mouth has been hurting it has affected everything that I do !!!!!,567,482,20601,0,0,0,1,14
my feelings on this are extremely complicated because I am very happy for him AND the shit he did - even if he was‚Ä¶ https://t.co/34vnkyRocB,808,950,21945,0,0,1,2,25
@awhbrina tell ur arm to stop hurting then üòë,213,87,2641,0,0,0,1,9
"@Bakshi4ever @NishigandhaDare @ppakhii Where did it start n where did it end???

Real SSRians instead of criticizin‚Ä¶ https://t.co/siPDWevrnN",153,728,38466,0,0,0,0,17
"@ZubyMusic It is like that in some cases but goes both ways. Anyone Is capable of being crappy, however most have a‚Ä¶ https://t.co/k2hUEtxp2l",88,4,31,0,0,2,1,23
"@HillaryClinton @aijenpoo For over a year, couples and families,homeowners,tax payer have been forced apart by disc‚Ä¶ https://t.co/urlAQdLkrk",68,12,786,0,0,0,0,17
Uncle Frank also showed the power of unacknowledged pains. How wounds we don‚Äôt heal from eventually end up hurting‚Ä¶ https://t.co/HF4u1I7s3g,260,326,4524,0,0,1,2,20
Nobody knows hard working at a personal injury law firm can be for one‚Äôs spirit. Hearing people hurting due to othe‚Ä¶ https://t.co/sTqlZd9OHy,394,696,43875,0,0,0,3,22
"@SecBlinken For over a year, couples and families,homeowners,tax payer have been forced apart by discriminating tra‚Ä¶ https://t.co/BnpjbNtJyo",68,12,786,0,0,0,0,17
"23 years ago, a go-karting accident took the feeling from my left heel, leaving me with a numb scar. Recently, the‚Ä¶ https://t.co/nFDll27GRm",411,247,1373,0,1,0,2,22
@Andrew_Rotondi It's almost as if a guy who has pitched 34 innings might have ton of rust and cannot give this team‚Ä¶ https://t.co/JX1n7ZAnip,392,137,3269,0,0,0,1,23
"@VP For over a year, couples and families,homeowners,tax payer have been forced apart by discriminating travel rest‚Ä¶ https://t.co/YXNTBVImm8",68,12,786,0,0,0,0,18
@arealdishwasher Both police and rioters have to stop hurting innocent people if you want to see any changes,820,264,7008,0,0,0,1,18
@wonderbread1021 @jakUbak2mars @TheodoreCummin9 @smackadelics @NIQHTLYDOLS No? If that was the reason he would have‚Ä¶ https://t.co/pcg0cPcxRJ,19,2,79,0,0,0,0,15
it makesm e feel silly knowing they r just cookies and i shouldnt be making them so. deep ig but it makes me happy‚Ä¶ https://t.co/ejTrwNBqdc,181,23,620,0,0,0,1,25
"@0_H4l0_0 Yeah if they keep on hurting you, you shouldn't keep your ties with them. And there some monster who prey‚Ä¶ https://t.co/eSZly5PyR7",18,22,579,0,1,0,2,22
"Ma dern head been hurting since Monday but idk if it‚Äôs related to the vaccine or not.

And this BC ain‚Äôt even helping.",1358,1297,152179,0,0,1,1,22
Damn my stomach started hurting again :(,82,72,1320,0,0,0,1,7
"@WhiteHouse For over a year, couples and families,homeowners,tax payer have been forced apart by discriminating tra‚Ä¶ https://t.co/yInQ0porsb",68,12,787,0,0,0,0,17
"@richtmaxey @CaptainNedLudd @mrjamesob My head is hurting just remembering about it.
Then for extra fun they threw‚Ä¶ https://t.co/aL94FR9LDR",69,141,10013,0,0,1,1,17
@chencheekies stop hurting me &lt;//3,527,655,4260,0,1,0,1,5
"@Unknown68D_ but

where's the closing parenthesis your math teacher is hurting my ocd",231,3731,20310,0,0,0,1,12
Sharing this bc I want to inspire those who are younger than me to pursue what makes u happy. Don't let society dic‚Ä¶ https://t.co/PodiGukuUR,613,603,3434,1,1,2,0,24
"@pinkmagiclala Cats have extremely flexible joints that are designed for jumping, climbing.

gently feel around the‚Ä¶ https://t.co/1B2frnhql4",69,32,10601,0,0,1,0,16
@Pixie_404_ can't pretend that everytime I come over I don't see your computer and the files you work on and think‚Ä¶ https://t.co/NqhYfIrrfY,113,92,8897,0,0,1,1,22
@SEC_News Please fix the Ripple lawsuit. This has been hurting people not protecting them. #RelistXRP,165,27,540,0,0,0,1,15
@GovRicketts This might collectively be the most ignorant group of comments I‚Äôve ever seen. I seen one on here abou‚Ä¶ https://t.co/W3USsGNY3U,55,4,8,0,0,0,1,21
"@fartfac72876467 @LucasAOlson @AnimeBibleVerse expression is literally just expression, i do what i want to express‚Ä¶ https://t.co/oxobbTBdab",144,78,3127,0,0,0,0,16
Im sorry for hurting you while im in pain and im sorry for letting you go,674,265,6675,0,0,0,4,16
@Markiebekss @theninaellaine Ain't Business being shut down and people not earning anything by not being able to wo‚Ä¶ https://t.co/K6MBn3FvHt,23,20,4468,0,0,0,0,19
@SaraCarpi1 yeah i am 100/100worried .. cz its fully based on very different sensitive topics.. as naci is cmng bac‚Ä¶ https://t.co/T21GoQDJep,310,281,40544,0,0,1,0,21
We might not think we‚Äôre hurting anyone when we bend the Covid rules but our actions can have far-reaching conseque‚Ä¶ https://t.co/UIlq5DKBkt,421,19088,20313,0,1,0,1,21
@PadreFanDan Socially distanced. My second dose isn‚Äôt til Monday. WHICH JUST REMINDS ME AS IM TYPING I shouldn‚Äôt go‚Ä¶ https://t.co/O8vp45Cj1f,763,1750,46743,0,0,0,0,20
@Caldroids Imagine not just consuming the media you like in a normal way that doesn‚Äôt involve harassing or hurting‚Ä¶ https://t.co/nXkvZMVBW9,431,167,9788,0,1,1,0,20
@worrierprincess @StarGmom Michael can probably and most likely care less. Prime example of how the woke HR people‚Ä¶ https://t.co/Odu2jnLUiM,4116,3002,12825,0,0,0,0,19
"@daveforbmore Like, I‚Äôm down with financially hurting rich people. üòÇ let‚Äôs do *that*",441,486,50756,0,0,1,1,13
SORRY FOR HURTING YOUüò≠ I WANT YOU BACK BUT I CAN'Tüíî,35,5,24,0,0,0,0,11
@ArevaMartin Hurting. I lost interest.,636,165,4152,0,0,0,1,5
I wish I could tell my younger self don‚Äôt worry baby you‚Äôll find your peace it will exist stop hurting yourself bec‚Ä¶ https://t.co/hAlYAy3F6g,4887,1309,15531,0,1,1,2,23
@JEN1OR Why is it hurting ?? Cant you tell ur parents or smth?,369,298,5483,0,0,0,1,13
"Why take an online journalism 101 class, and add a Civics.. because people‚Äôs ignorance is hurting our country on ev‚Ä¶ https://t.co/kVtN38Eq2C",461,124,16962,0,0,0,2,21
"@HermanTheMoth You did such an amazing job setting the mood and tone of this, the colors made me feel cozy and safe‚Ä¶ https://t.co/AYvLuj9H08",3094,612,117799,0,0,2,0,23
@NottCedd Cause she sure do be hurting my feelings,700,1263,27257,0,1,0,1,9
god I havent seen sun light in so long cause I have my window blinds down all the time and haven't left my house in‚Ä¶ https://t.co/L8PlGOexBj,724,1536,12747,0,3,0,0,26
just had a girl who graduated from my sorority slide up on my story to tell me that posting about police brutality‚Ä¶ https://t.co/qaG1Uab59M,520,411,4122,0,0,0,0,23
i‚Äôm allowed to have favorites and i made a tweet saying i don‚Äôt need to be attacked over an opinion that isn‚Äôt hurt‚Ä¶ https://t.co/2ljdQ3RmXP,81,44072,8388,1,15,0,0,24
My stomach already hurting https://t.co/hY7oV76GpC,1160,1175,39466,0,0,0,1,5
Losing your fav lipgloss is a hurting feeling especially when you don‚Äôt remember what store you got it from,480,694,27410,0,0,1,1,19
"Broke, paid, hurting, or happy we forever ‚ôæ locked üîí in ü§ûüèΩ https://t.co/7hdyZXkPXh",85,192,10793,0,0,1,1,13
@jbraziii @mpendleton @RiceTwist @ToothTakei @JaimeBoBaime You are hurting me with your words. I think you knew this.,461,1000,5881,0,3,0,1,17
Overall This past Sunday was a horrific day for many people. So many unnecessary deaths. My heart is hurting for an‚Ä¶ https://t.co/vzXJSLLqJ2,126,273,2414,0,0,0,3,22
it‚Äôs honestly fucked up and hurting my feelings that 200+ppl viewed this and only 15 ppl liked it but i‚Äôm leaving i‚Ä¶ https://t.co/dwoUmSsMjt,835,1520,94177,0,5,1,1,23
"Interesting that both of the Marvel Disney+ shows so far feature a superhero with issues (Wanda's grief, Walker's i‚Ä¶ https://t.co/8OlKzhfclB",5004,1181,23200,0,2,0,2,20
@kween_anime AKSKALAL I thought it was just fatigue or dehydration but I‚Äôve been doing nothing but sleeping and dri‚Ä¶ https://t.co/ZshNhU4Pyz,999,11132,33616,0,1,0,1,20
@MichaelBerrySho I‚Äôm sorry she is hurting but if she did cut her arm off.. amongst other things it would be a waste of very nice tattoos ‚ù§Ô∏è,39,13,794,0,0,1,3,27
-so I was stressed tf out and when he eventually caught up to me he convinced this random lanky guy that he wasn't‚Ä¶ https://t.co/fWD6o8VWYa,94,39,481,0,0,0,1,24
It‚Äôs all fun and games till them arms hurting from you having them above your head for too long üòÇ https://t.co/moSef4rxPl,445,491,3365,0,0,1,1,21
"Narcissist never recover from losing an Empath . Empaths ARE the narcissist karma because in hurting us , they played themselves . . .",2169,1795,42600,0,1,1,2,24
including the officers could be saved.And that number includes not only black lives but also white lives. Perhaps i‚Ä¶ https://t.co/jR7y8BTTHQ,1373,376,1831,0,0,0,0,20
"""...except the majority of the spending has nothing to do with repairing roads or helping families, and many of tax‚Ä¶ https://t.co/TtUrnXaWL7",3401,8711,6585,1,1,1,0,21
@brndndnn @JohnMacin2 @agile_eyes_ @LeviLeakes @_Tonnnyy @Complex this is just one example; keeping black and brown‚Ä¶ https://t.co/APzsuoExD9,119,48,4296,0,0,0,0,16
STOP HURTING ME https://t.co/DZQ1JDuYBF,1542,1666,24043,0,2,0,0,4
its hurting my head,514,571,23051,0,1,0,1,4
Asked my self why I couldn‚Äôt get over something faster than usual. But sometimes hurting is harder than before. But‚Ä¶ https://t.co/10SZwbLpPI,2363,3887,48798,0,0,1,1,21
@sunshinebside Why why why why. U are only hurting yourselfüëâüòîüëà,294,174,11909,0,0,0,1,10
12-year-old shot. More than 300 New Yorkers shot since the year began. Politicians? Too busy hurting cops. Too busy‚Ä¶ https://t.co/ZGBk2LHTDr,417,249,115437,0,0,0,1,20
@RadioDawson Too bad that thoose making up excuses why they can't wear a mask are hurting the people who have real‚Ä¶ https://t.co/RqiB86LQIX,122,42,364,0,1,0,3,22
My legs are hurting right noe. Jogging 18kms is not a joke https://t.co/MW6arkpdNY,697,692,6154,0,0,1,2,13
"As a new immigrant in Denmark I find this shameful, immoral and... completely unnecessary. It won‚Äôt accomplish much‚Ä¶ https://t.co/PFWE69nBrx",766,1984,21244,0,0,1,3,19
@__lemmanuel__ So the cast in the movie doesn‚Äôt have to be all white im a HUGE believer that Rahul Kohli would make‚Ä¶ https://t.co/n1TSEGEord,293,749,22247,0,0,0,0,23
"My attitude changed after I was forced to do a 24+ hours neonate call while COVID +. I couldn‚Äôt breathe, I couldn‚Äôt‚Ä¶ https://t.co/7cnB7yxmyc",269,3576,7035,0,0,0,0,23
Just don‚Äôt get why some people get to walk free after hurting me like wtf? Let me stab you real quick,409,230,17785,0,0,2,2,21
why does tiktok keep showing me videos of dogs hurting themselves :(,1650,3842,56847,0,0,0,1,12
My family hurting üòì,370,976,22194,0,0,0,1,4
was there something i could've said to make it all stop hurting ?,770,810,12620,0,0,0,1,13
"#California is hurting in so many ways and this guy is on a constant campaign trail 

Be cautious essential workers https://t.co/sssjdYo1Q2",759,795,34972,0,0,0,1,21
my ear hurting and it‚Äôs making my head hurt so bad üòï,526,1149,2226,0,0,0,3,12
"The sexual identity and preferences of another person are no one's business but their own, and so long as that pers‚Ä¶ https://t.co/8PPyaTs5oe",356,377,20341,0,0,0,0,22
@ashley39162945 girl stop hurting yourself,310,310,1509,0,0,0,1,5
"‚ÄúPrivilege is not knowing that you're hurting others and not listening when they tell you.‚Äù
‚Äï DaShanne Stokes",412,100,3284,0,0,0,1,17
@SsbTyphoon reported for hurting my feelings üòîüò≠üòîüò≠üòîüò≠ https://t.co/wq5A4lNZoh,100,76,1076,0,0,0,1,8
"a nigga will never get the chance to have my chest hurting like that again , strictly eye candy for me üò©.",154,146,1786,0,0,1,2,22
"@eflorian10 @jaketapper Canada is hurting... 2% fully vaccinated.

Trudeau failed....",834,56,9483,0,0,0,2,9
@sunshinebside Why are u hurting yourself like that,294,174,11909,0,0,1,1,8
"Beautifully put. These 10 Months Without SSR have been a roller coaster of emotions. 

Will it stop hurting once we‚Ä¶ https://t.co/jWIKkkestB",235,128,1649,1,1,0,1,21
i think my penis has an internal infection because it's been hurting on the inside for 2 days now @BebeZeva,1,1,706,0,0,0,2,20
@prasannalara Manish's innings is hurting them as well..,344,5,497,0,0,1,1,8
"What is your #communicationstyle at work?
Is it hurting your chances of success in your #career?

Find out with thi‚Ä¶ https://t.co/y6wwsQ5nNm",56,15,925,0,0,2,1,19
@FunesNatalieee Who hurting u?,153,120,76,0,0,0,1,4
The story makes absolutely no sense. The timeline kept changing every time I asked her what happened. I‚Äôve been cal‚Ä¶ https://t.co/UgAHzPlT1N,857,17019,19543,2,7,0,0,21
"my TL‚Äôs are so sad today üòî I hate it. hate seeing my people hurting. you were truly loved lil red, rest easy. ‚ù§Ô∏è",1374,1476,37050,0,2,2,4,24
"@jhopediaries I feel pretty good, my arm is barely even hurting and I even worked out even tho they told me not to‚Ä¶ https://t.co/OGV0HeZ4GX",457,354,21958,0,0,3,1,24
I would appreciate the letter of the Secretary to the Cabinet in a normal situation. We all know that there's nothi‚Ä¶ https://t.co/KHzbgVz0he,1853,1366,19933,0,1,1,0,22
My back really should not be hurting as bad as it does right now,255,1150,20568,0,0,1,2,14
"@kiwionthesticks I understand pitying them tho, like I want you to heal from your shit sir even if it‚Äôs only for you to stop hurting others.",501,425,70297,0,0,2,2,26
@RTEK777 Thanks. I‚Äôm so tired of hurting,4766,5198,54972,0,0,0,2,7
If astrology is not real then explain 8 year old Sagittarius me writing a letter to my 38 year old Cancer mom after‚Ä¶ https://t.co/CTGEAtHtBW,833,1229,13758,0,5,0,0,24
"@cleantechnica ‚ÄúThere‚Äôs no shortage of bad takes on Twitter, and sometimes I‚Äôm the one making them. What I want to‚Ä¶ https://t.co/Yfvll04PGf",318,10612,5273,1,1,0,2,21
"@MikeLBullard @ChrisCuomo You're only hurting yourself, by letting Trump and his other manical supporters treat you‚Ä¶ https://t.co/48orHuVsFs",61,25,6813,0,0,0,1,17
my back was hurting so bad last night i shed a tear üò´,263,305,6174,0,0,0,2,13
"@TheLawyerbot I mean 
The only one who keep enforcing their copyright is nintendo despite it really not hurting them in the long run",207,57,5122,0,1,0,1,23
"I don't wanna talk about things we've gone through, though its hurting me, it's now history",1540,1042,3553,0,1,0,1,16
I‚Äôm literally mourning a death and hurting inside and this girl gon say ‚Äúwe can hang if you wanna feed me‚Äù LMAO som‚Ä¶ https://t.co/WRuUZbrO6K,519,845,59813,0,0,0,3,24
My throat was hurting so bad when I woke up... I‚Äôm better now,1989,2333,70934,0,0,1,2,13
"@tonyfromlg Aww I'm so sorry for hurting your feelings, casual.",92,5,117,0,0,0,2,10
@MimiAura1 Hurting him now will be good for both of you,236,18,462,0,1,1,0,11
im beyond mad and hurting. mom atleast let me cry for them-,352,345,3959,0,0,0,3,12
@JoanneBlough @atala9ta @StrictlyChristo @PoliticalBee How quickly you went from property damage to hurting people. Which one is it?,132,112,6733,0,0,0,2,18
stomach hurting like a mf,103,80,3310,0,0,1,1,5
its been hurting for weeks for like no reason i dont get it,104,294,7733,0,0,1,1,13
I hate that to keep your arm from hurting youre supposed to move it but it hurts so much when I move it that I don‚Äôt want to move it,107,75,1610,0,0,0,3,30
"When was the last time you sat &amp; observed your own thoughts? Observed what you been feeling &amp; going through,you are‚Ä¶ https://t.co/xLvVRLqMaS",296,374,4193,0,0,0,0,22
My head really hurting,2464,2905,124204,0,0,0,1,4
@Austen agreed but i don't think this is hurting anyone ¬Ø\_(„ÉÑ)_/¬Ø,500,340,4290,0,0,0,1,11
"@Nunya_Bizzzzz Trial by peers, that would do some hurting. Standing in front of the unit having to wear the badge of racist would destroy",1512,647,18461,0,0,0,3,24
"@Kaelysta He's such a sweet person. I remember how much he was hurting at a couple of cons, and he still put forth‚Ä¶ https://t.co/9fXF0qBRou",502,2767,403289,0,1,1,2,24
@DEVOUTMATRlARCH ‚Äîabout how horrible he will feel to know something happened to you or the kids. And that it was be‚Ä¶ https://t.co/4egGKKEqTs,301,2041,69021,0,0,0,1,22
@danjlevy @colton No he didn‚Äôt.  This man was an abuser of women and needs to be held accountable.  This is gross.‚Ä¶ https://t.co/KcFCpoJIdu,82,24,1228,0,0,0,0,24
Upcoming revisions of the #energy #taxation directive and of the #EUETS are critical to give the right incentives t‚Ä¶ https://t.co/yoAwWcg2Zm,1290,487,1308,0,0,1,1,20
"Professional haters, give us an outlay on your irl? Tell us what's hurting you",844,848,4612,0,3,0,2,14
"@Jaguar_Potato_ EXACTLY!

FUCKING CLOWNS!

YEAH WE ARE HURTING THE INDUSTRY AND NOT THE GAME COMPANIES WITH THEIR SHITTY PRACTICES!",1953,345,50976,0,1,0,0,17
"Why don't you file an FIR sir, for hurting religious sentiments https://t.co/t6fxU18fjp",451,72,7079,0,0,0,1,12
"Dreamhack on Friday and my wrist is hurting really much, worth taking a break today?üôÅ",482,2246,7015,0,1,1,2,15
"-Homosexuality is a sin (1 Cor. 6:9-10)
-Transgenderism is a sin (Genesis 5:2, Genesis 1:27)
- women shouldn't be p‚Ä¶ https://t.co/oifSGk0vJI",110,13,326,0,0,0,2,19
I knew this lockdown was coming but my heart hurting man üò≠üò©,292,240,9969,0,0,0,1,12
his ex-wife literally had a restraining order against him because he was stalking and harassing her. he tracked her‚Ä¶ https://t.co/1vQDAmyzyn,276,186,2907,0,0,0,0,20
"@alexi_miika As do I, which is why I am so upset to find I may have been unknowingly hurting people. üò©üò¢",4116,3886,16561,0,0,0,2,21
"Damn, my arm is actually hurting pretty bad today lol. At least I don't have any other side effects",194,66,1295,0,1,1,2,19
"@DemonicEclipse Oh I understand and realise lol, just a cross between not really giving a shit &amp; also to do with li‚Ä¶ https://t.co/Ze1eg8f658",371,402,2256,0,0,0,1,23
Niggas acting like the Saints were the first team to give bonuses for hurting other players. The 49ers did it years‚Ä¶ https://t.co/grGtD7MOXh,127,126,1084,0,1,2,1,22
@atrupar I know it's whataboutism but I wish someone would ask these goobers why our tax $ went to bail out churche‚Ä¶ https://t.co/WuW7EGKRLD,5105,5065,75239,3,6,0,0,23
"6. slow hands

""we rejoice cuz the hurting is so painless from the distance of passing cars"" he's in love with a du‚Ä¶ https://t.co/ykrxBjlW6A",392,424,35797,0,0,3,2,23
@Tom_Maguire @ChrisCuomo 1. Works.  And Cuomo brags about being a lawyer. These statutes aren‚Äôt complicated. It‚Äôs n‚Ä¶ https://t.co/QhXeWTIxyG,365,134,14372,0,1,0,1,19
"He felt kinda bad but it was either this or hurting her.

So this is what would have to happen. https://t.co/nfE8GbeSr4",97,102,1325,0,0,0,2,20
I thought only old people had back problems my shit be hurting like a mfüò≠,195,178,431,0,0,1,3,15
stop hurting me https://t.co/WcrEsFpLK1,1337,1741,220495,0,1,0,1,4
"Man, I really wish people would stop hurting each other and committing crimes. If only someone would get my attenti‚Ä¶ https://t.co/4v1ptJpODz",173,2917,14896,0,6,0,1,21
I keep telling y‚Äôall the same thing. Nobody listens to me cause they think I‚Äôm joking or just don‚Äôt care BUT GET IN‚Ä¶ https://t.co/osq5EaPxcb,447,309,8796,3,7,0,0,24
"Naye @SheilahGashumba now all those tattoos for what?
Mbu we say you are very happy and not hurting? https://t.co/1bBZx6u2vh",666,29446,28193,0,2,1,1,18
I also hope Cassie feels supported - as I‚Äôm sure this may have brought up traumatic experiences from their relation‚Ä¶ https://t.co/E41cj5b5zB,589,503,18440,0,1,1,1,21
@sladesr I‚Äôm not sure the right solution is but their should be consequences for intentionally hurting American cit‚Ä¶ https://t.co/F44Rmsj4s5,2425,450,9218,0,0,1,1,19
"@RepBrianMast Okay Brian, there you go again spouting out ""facts"" without substantiation regarding how Trump's acti‚Ä¶ https://t.co/atDRd8vD3e",3,2,73,0,0,0,0,17
"I fucking hate you, i want you to hate me and leave me so i dont have to do it myself. I want you to know how much‚Ä¶ https://t.co/LdZtbLe21t",231,212,4703,0,2,0,3,29
nigga said hurts the industry like the industry cares about hurting our pockets LMAO https://t.co/XCdFrtcqBc,306,320,411,0,0,1,2,15
"&gt;Pwease you are hurting the billion dollar companies' feewings, staph!1! D:

&gt; XD https://t.co/6YYsUzlt51",632,182,8568,0,1,0,1,13
"‚ÄúWe have something to discuss‚Äù, now my stomach is hurting ü•¥.",636,1096,94190,0,0,0,1,11
Resigned from Faithful was a good run. love everyone there but it's just hurting me.,99,287,1151,0,0,2,1,15
@whatsername1114 thanks for hurting my feelings.,1677,1530,54173,0,1,0,1,6
@ohh_pleaseee People think same after hurting me... mostly they confess.....,582,81,2716,0,0,0,2,10
"And if you‚Äôre hurting, love yourself with my heart.",640,1899,34412,0,0,1,1,9
@OneBillsLive @MSGNetworks @WGR550 @ChrisBrownBills @SteveTasker89 Go best player available. I don't think we are h‚Ä¶ https://t.co/zCLGvNMg4H,71,3,512,0,0,2,0,16
"@TravisS46774542 @MikeChandlerMMA @Benaskren Do you confuse your left and rights? He finished him with his left, he‚Ä¶ https://t.co/gP1l9Yjh3b",83,55,388,0,0,0,1,18
Why the hell is @vijayshankar260 n @im_manishpandey in the @SunRisers team do they bend for the owners ? Drop them‚Ä¶ https://t.co/Ig3wx0X1Ss,41,651,14199,0,0,0,1,21
@ChiefWood693 Man I‚Äôm over here hurting ü§£ü§£ü§£,705,791,7920,0,0,0,1,7
"@bluegukk since when did you start hurting me? not even you know
‚Äì promise",8,5345,1449,0,1,1,1,13
@Wolfrum Mass Immigration obviously is hurting the country. Immigrants have an extremely high birthrate. I don‚Äôt be‚Ä¶ https://t.co/arQUG1JwM8,8,109,65,0,0,0,1,18
"@Phils_Hot_Takes @julie_kelly2 @lporiginalg @taxesaretheft69 Thanks for ad hominem. üëçüèª
I don't believe the potentia‚Ä¶ https://t.co/BpndsLB2Wp",451,143,5445,0,0,0,0,14
"It was a thread woven through all of humankind: this need for story to explain the unexplainable, to comfort the hu‚Ä¶ https://t.co/CCRPjZzn6d",1,21,740,0,0,1,0,22
@GogoMoyoSpeaks And it seems to be many people's automatic reaction to a bad day. Hurting innocent people who don't even know bout your day.,901,172,1755,0,0,0,1,24
"knees hurting from praying bc my brother‚Äôs family prays taraweeh every night, whats a degenerate like me doing in a place like this",49,4126,11346,0,0,2,2,23
"@Fifischa_  dear Angel, sorry for hurting you hm are you sure you really don't miss me?the one who always there for you? Hm iloveyou3000‚ù§Ô∏è",59,14,4,0,0,0,3,25
"@ewatomiabara Really tired today, and my temple keeps hurting. Stressssss?",870,232,4840,0,0,0,2,10
"@StrengthEwa @Thoraxchirurg_ I am hurting just looking at it.. In my case, I'd rather play it safe and keep a strai‚Ä¶ https://t.co/qy2dqwgijP",129,144,3789,0,1,1,1,22
"@KlownDawg696 I'm listening to the Leon Edwards one right now, and he's saying the same thing, about hurting people",6597,7131,28203,0,0,1,1,19
@OvrqwalAPhide @DaTribeCalledT @arixoliviaa The point is yall sick mfs out here hurting others,102,12,631,0,0,0,2,13
"@idkCoal Its only hurting local communities, and businesses when this stuff happens.  aka now you have no stores to‚Ä¶ https://t.co/xiZS7QxyDx",2382,959,13852,0,0,0,1,21
"I don‚Äôt condemn multishipping tho, don‚Äôt get me wrong. You guys do you üòåüíñ just extend the same courtesy to me (and‚Ä¶ https://t.co/0rwskp7Hli",313,5005,7286,0,1,0,2,23
I keep comments a lot to myself if I dislike it because I know it can personally hurt someone. I don't like hurting‚Ä¶ https://t.co/eCDljgkAOJ,2600,2047,92066,0,1,1,2,24
"They be hurting od inside though, let them flex their way into depression https://t.co/fMlv9a71zp",156,158,3521,0,0,0,2,14
my head is hurting if i dont get my ua merch tomorrow i am k1lling someoem,2677,2675,9815,0,1,0,1,16
Thank you for opening up my silly eyes to see people who I thought would never hurt me was actually hurting me the‚Ä¶ https://t.co/mwPxEAVSas,813,731,126223,0,0,0,3,24
I will never normalize people hurting the people the say they care about and then say it was all a mistake ..,117,79,6156,0,0,0,2,22
@D2KSL How much money was printed in previous years to allow the ultra rich to buy another vacation home?  The gove‚Ä¶ https://t.co/f5ESObsPqQ,92,20,842,0,0,1,0,23
"Because I'm a slut for hurting my favorite baby bird, imagine that the discovery his brother's body is missing send‚Ä¶ https://t.co/D6R1KvroNe",33,98,3385,0,0,1,2,21
Sea moss got my stomach hurting,1303,2424,55100,0,0,0,1,6
"@GIMfan80 @GregSlate403 @DeaDHeaDE2 @FoxNews You‚Äôre really hurting my feelings! 

So far your only defense is ‚Äúmy b‚Ä¶ https://t.co/LpayQe5gdX",117,32,1265,0,0,0,1,18
"@SenWarren @SenMarkey @RepKClark 
We're Democrats! We're supposed to help American workers. 
My great uncle, Philli‚Ä¶ https://t.co/hKhVJXrIeH",105,41,4704,0,0,1,0,16
@lailamghoneim fr why are we making an industry out of being cold and hurting each others‚Äô feelings i just want a s‚Ä¶ https://t.co/Bj5xWdmD7o,292,66,329,0,0,0,2,23
When does the pain and hurting stop? üíîüò≠,295,517,57190,0,1,0,2,8
"@richardaldred I would sigh heavily, but I‚Äôm afraid of hurting my back. Thank you for the warning (and feel better soon!)",1703,1353,6050,0,0,1,3,21
Yes I‚Äôm hurting yes I‚Äôm jaded,298,171,4512,0,0,0,2,6
@kaorivangeance @LocalRobotGf @finralswife @vangeancesalive Third pic is hurting me emotionally I‚Äôm reporting,348,339,4716,0,1,0,1,12
stop hurting me ;(,629,837,49142,0,0,0,1,4
Would it stop hurting if I drink to forget?,266,633,5933,0,0,0,1,9
i think my appendix is hurting and i'm pretty sure that's a really bad thing,398,104,7649,0,0,1,2,15
@RuthsBestBoy @adrenalinehooks My dodgy ankles are already hurting just looking at those.,2856,2525,72712,0,1,0,1,12
zeva i'm only hurting myself by saying these things to you.  and i apologize. @BebeZeva,1,1,707,0,0,0,1,16
@iHeartAIbedo abandonment issues + ur scared of hurting people so u just dont get close to anyone,213,479,15985,0,0,0,3,17
@hwanX__x U KEEP HURTING ME TODAY?????? STOP???,669,677,46702,0,1,0,0,7
"@absrdlyobfscatd @Benjoe1911 @NumbersMuncher I think calling it ""disturbing"" is pearl clutching. It's not hurting a‚Ä¶ https://t.co/dbcFtQEElx",1387,424,8127,0,0,0,2,16
Pandey hurting SRH at 3. He's stalled their momentum both times and played match losing innings. Have never seen hi‚Ä¶ https://t.co/0jqSkS46W6,25,10,687,0,0,0,2,21
Holding someone‚Äôs hand as they pass away while they‚Äôre loved one holds the other is the most privileged position to‚Ä¶ https://t.co/nBlnp6tL97,1646,2649,5856,4,28,2,0,21
@WifeySpice90 @alxellt0308 @SuckIt_Trump @MisleaderC @KlitzingChris @deep_mowgli @VoteJoe1 @Mdrc76Maia‚Ä¶ https://t.co/XnqyLIxS92,8119,10234,110258,0,0,0,0,9
I don‚Äôt got bad knees it be my thighs that be hurting,903,3076,117958,0,0,0,2,12
"I rather be single then hurting someone because of my Lewd Drive that i have for a long time!

I have also my Whole‚Ä¶ https://t.co/IEpmQdc1y1",635,815,4824,0,1,0,1,24
Somebody bring me a milkshake please my back hurting üòÇ,1832,2076,82656,0,0,0,1,10
@CharmsNClarity Was he the one tweeting that ‚Äúpeople are looting because they are hurting‚Äù now he‚Äôs against it lol,130,188,25019,0,0,0,0,19
We know you all like seeing women hurting https://t.co/lrb2UgFKeC,843,3492,18759,1,0,1,1,9
Whoever the fuck zacharie fairfax is. IT IS JUST A VIDEO GAME. WE ARE NOT HURTING ANY REAL CREATURES. POK√âMON IS JUST A VIDEO GAME.,2159,284,5899,0,0,0,1,25
@NICKMERCS Hurting my feelings @NICKMERCS https://t.co/CtwJLITCVC,18,1,31,0,0,0,0,6
@lenaluthoir Keeping a secret is not as bad as physically hurting someone. How big is Lena's ego if she thinks some‚Ä¶ https://t.co/jFzzBBB0mM,209,687,29489,0,0,0,2,22
"@MagnetrixDane || thank you, I hope so too. I i‚Äôm OK hurting all day long for weeks as long as I can have 30 minute‚Ä¶ https://t.co/leAej2e6ia",289,739,11495,0,0,1,1,26
.. I think its high time i MUTE my crush's whatsapp status updates.. O kwetse.. I Kissed A Girl Today.. Entlek why‚Ä¶ https://t.co/0KSSUZIczG,1596,1660,22248,0,2,0,0,23
"I really be hurting people‚Äôs feelings by minding my business, it‚Äôs crazy out here",860,4473,23355,0,6,0,2,14
Me emulating an old game hurting profits from 3 decades ago https://t.co/mlEiod8pyY https://t.co/bGrd6YFTgq,92,38,1861,0,0,0,1,13
@petals4amour this is so upsetting and hurting me,249,382,11015,0,1,0,2,8
"@11TH_HARBlNGER üî•// ‚ÄúTARTAGLIA‚Äù 

I love hurting myself its fun",415,262,1526,0,0,2,1,9
My knee been hurting since lastnight üôÑüôÑ,374,198,19839,0,0,0,1,7
@fizzle541 Spot is the general name for the Boston Dynamics robot dogs. They aren't made for hurting or maiming the‚Ä¶ https://t.co/4aOUAvJtR2,552,43,1216,0,0,0,1,21
my olady done sprayed this damn perfume got my stomach hurting üòñüòñüòñ it smell good doe ü§¶üèæ‚Äç‚ôÇÔ∏èü§¶üèæ‚Äç‚ôÇÔ∏è,321,136,432,0,2,1,3,17
@TravisS46774542 @MikeChandlerMMA @Benaskren Are you stupid? His left hook is what hurt him. I can send you at leas‚Ä¶ https://t.co/Lw6zGT3mXj,83,55,389,0,0,0,2,20
the amount of mantha content on the nhl socials is really hurting me,399,1797,56411,0,0,0,1,13
"To those I love who are tired and hurting, you deserve the world and I‚Äôm so sorry. For my Black friends, my AAPI fr‚Ä¶ https://t.co/A2TqUb0yKF",65,38,262,0,0,1,3,25
My whole body is hurting so badly,936,1727,19964,0,0,0,2,7
Here's advice on how to keep refinancing a #mortgage from hurting your #credit.  https://t.co/jMwWFqEHGV https://t.co/KyskG32mTU,87,31,328,0,0,0,1,16
"You piss me off so much, i dont want you to cling onto my arm or rip my hands off of things which ends up hurting m‚Ä¶ https://t.co/MJF7eyWB8h",231,212,4704,0,2,0,2,28
@marwilliamson When we start rewarding individuals for making people and planet better that‚Äôs when we‚Äôll see an end‚Ä¶ https://t.co/reXT0Sb59T,3302,3242,18569,0,0,2,0,19
i‚Äôm hurting myself https://t.co/jPtXwEB1AF,1634,2404,29893,1,4,0,1,4
Can't sleep my back is hurting so bad.,182,88,5664,0,0,0,2,8
"hey bitch, i know u have been hurting now. but, don't hurt my heart to, just because ur hurt more bad than me",1,0,92,0,0,0,5,23
I have a way of finding out things people are hiding from me and I hate it cos it's always things that end up hurting my feelingsüò¢,1044,7783,86425,0,0,0,2,27
Why won't you stop hurting me? My heart is all dried up..,5,11,10045,0,0,0,1,12
"@atzgenre Honestly do what you gotta do as long as you are not disrespecting and hurting other groups, imma just ro‚Ä¶ https://t.co/rFytNs056H",644,759,68199,0,0,0,2,22
@francescamatt14 @MillieOTLFP @rotrujo @weejockmcfurr @VitCza @Pixie_Tooth @paddyscousedog @macwhittle Its hurting‚Ä¶ https://t.co/FsQ4A9D8Kl,543,463,14108,0,1,0,0,11
Daycare is a MESS and I am thankful there are passionate people who are willing to overlook that but the pay and th‚Ä¶ https://t.co/gYo7UwbHoO,713,886,922,0,2,3,1,24
@Brownskinned06 They‚Äôre con artists who take advantage of people who are hurting.,2122,838,26350,0,0,1,1,12
"@Jan_Leeming Same here. Had my jab 3 weeks ago, only started hurting a few days ago.",4839,3586,426165,0,0,0,1,16
@FxllenScar What‚Äôs hurting you...?,360,113,4018,0,0,0,1,4
my heart is hurting for winter and karina. FUCK SM for downplaying the situation and DARE SAY ‚Äúhe didn‚Äôt do anythin‚Ä¶ https://t.co/YoVeCNf8os,4409,3904,3503,9,40,0,1,22
I'm sure Atari is really hurting from the fact I'm emulating Halloween for the Atari 2600 from 1983. https://t.co/yK96hnafQ4,71,69,18333,1,2,0,1,19
"@lailatweetzx @MONR0WE If it isn‚Äôt hurting you, what‚Äôs the harm in carrying on? Because a qualified person said so?‚Ä¶ https://t.co/4McnAE7D6f",618,399,201,0,0,1,2,20
"@MaximustheMad2 Tech tried really hard to force Maximus out of his mind and his face glitched, ""Don't- do this-"" hi‚Ä¶ https://t.co/A5VRubgB4t",249,202,1349,0,0,0,1,21
@mcagataytosun7 Hurting like hell ‚òπÔ∏è,451,246,7417,0,0,1,1,5
it's literally not hurting you. simply let us be.,142,21,505,0,2,0,1,9
@gothixTV Haven't argued with anyone on the internet for a couple days :D. I managed to clean up a tad - but fell y‚Ä¶ https://t.co/PmUAPttmqg,186,16,2613,0,0,1,1,25
@LyricsArtPH POV: u were saying those lyrics ur ex but u just end up hurting urself.,122,10,6155,0,0,0,1,16
@LIX0RBIT Then stop I'm hurting here,1540,1465,24228,0,0,0,1,6
Day 129474847: My back is STILL hurting ü•¥,108,195,13309,0,0,0,1,8
"Praise GOD for all that HE is. Whether you are unemployed, single, incarcerated, hurting, heartbroken, or sick.Give GOD praise.HE is Worthy",39,19,67038,0,0,0,2,21
"@churchlady320 @_SJPeace_ I did not blame their anger, and agreed it's (also) on us.  I said blaming ALL of us is n‚Ä¶ https://t.co/jPn7Igh9zG",2697,1961,21129,0,0,0,2,24
I thought planning a babyshower was stressful ...... my head hurting planning a party,120,40,93,0,0,0,2,14
"I need to see the group angry, hurting, just straight up missing him and feeling it like we're all feeling it.",457,216,11643,0,0,1,2,21
I can tell today finna be a perc day Terre finna have my head hurting ü•¥,264,195,990,0,0,0,1,16
@Mister_Lennox Hands of steel when you punching folks in the head and they legs hurting for days üòÇ,442,350,22852,0,0,0,1,18
"@gent_young Once you've expressed how you need to receive love, don't settle for whatever someone is content to giv‚Ä¶ https://t.co/mkzfwmAzIl",13,5,80,0,0,1,0,20
@Poptartman1231 @amiri0v0 @MightBeMekhi @CoolinMetro @whoskumba @ayodocc @419gwalla @perchardy @drippyxdrank‚Ä¶ https://t.co/vj6z0e3nft,1083,1126,53058,0,3,0,0,10
My legs are hurting so bad.,1683,2628,195474,0,0,0,2,6
Everytime my girl offer me to go get my toes done I get wild offended and dub her shit...then as soon as she leave‚Ä¶ https://t.co/edmB4xmRvt,146,263,57436,0,0,0,1,25
Man this diamond hands are hurting me right now üòÇ,241,358,42461,0,0,1,1,10
@Klopps_Grapes You‚Äôd be able to sue your teachers now for hurting your feelings.,1928,1552,54402,0,1,0,2,13
Well I felt like I was getting a bit sick last night and woke up sick as hell.  So probably no streams for a day or‚Ä¶ https://t.co/IB3x8w3ZbX,72,24,173,0,0,1,3,28
"@Compound_succes NO Hurting Ourselves
NO Hurting Others
NO Hurting Our Things",1347,162,5781,0,1,0,0,9
and if i wake up with my knees still hurting i will go feral,3373,3137,55054,0,0,0,1,14
"@28fankyouniall mia- you‚Äôre all i want, so much it‚Äôs hurting",170,71,1497,0,1,0,1,10
Find someone who hates hurting ur heart,13,18,89,0,0,0,2,7
"and I wish i could do better but all i can do is talk so i will. please stop hurting yourself, do it for me if you‚Ä¶ https://t.co/4VwZrvJxPU",7231,7240,37406,0,0,1,1,28
My stomach hurting so bad while I‚Äôm at work rn üòí,2096,542,1328,0,0,1,2,11
"@FredTuc20771568 @stevenbsandberg @HeatvsHaters dude its not up to management to keep him a player, thats his decis‚Ä¶ https://t.co/DcMAZyBCXR",113,98,1425,0,0,0,0,18
"@1thousand1000 @theyenvymar Rich shut up I‚Äôm disappointed in you , hurting my hg ale like that üôÑ",60,60,362,0,0,1,2,17
@miemie_CFC @Bella_d_pearl Who is hurting you? I'm about to fight,3159,3585,13173,0,1,0,1,10
Ignoring your intuition will have you hurting in the end,525,196,9027,0,0,0,1,10
And the whole point of acceptance of people‚Äôs differences and gender/racial/orientation equality is for us to be tr‚Ä¶ https://t.co/3O8tGm6Oly,543,35312,5108,5,44,0,0,19
my vocab for school be hurting me today üö∂‚Äç‚ôÇÔ∏è https://t.co/osRhk5MwGu,701,2449,15227,2,21,0,1,10
idk why i‚Äôm insistent upon hurting my own feelings,1078,1371,32617,0,0,0,1,9
@IL0VEthe80s Every so often I think about how the swing and big band music my dad used to listen to back in the 80s‚Ä¶ https://t.co/7Gr8PDb24O,374,697,67833,0,0,0,0,25
@Lesbian_Bhader We‚Äôre also hurting ourselves in the process,251,168,13020,0,1,0,1,8
"I can‚Äôt drink liquor, my stomach be hurting too bad the next day.",1892,2107,21421,0,0,0,2,13
imm sleep for real cause its hurting much,368,380,6811,0,1,0,1,8
"Some of the most struggling, depressed, &amp; hurting people in this world walk around shielding their issues behind a‚Ä¶ https://t.co/ZZoQdpX8AA",384,238,7189,0,1,0,4,20
I‚Äôm not only hurting myself but I‚Äôm hurting you,13,14,318,0,0,0,2,9
I will never understand why people bash other people for coming up with creative ways to make money. As long as the‚Ä¶ https://t.co/REAVZYmiCs,293,529,10931,0,1,1,1,23
Oh my GOD I AM SO UNBELIEVABLY STRESSED AFTER LOOKING AT CHEMISTRY HOMEWORK AND NOT KNOWING HOW TO FUCKING DO IT. M‚Ä¶ https://t.co/DxIUjWGh7A,43,24,550,0,0,0,0,23
Just do what makes you happy all the time and do it without hurting anybody.,406,185,299,0,0,1,1,15
"me: ‚Äúwhy is my back hurting so bad?‚Äù

me in my sleep: https://t.co/GB4zkF0pXw",587,7596,5666,6,47,0,1,12
if my head could stop hurting that‚Äôd be nice,916,973,51019,0,0,1,1,9
"@TinyTANofficial ""WORLDWIDE CUTIE"" 
YOUR HURTING ME https://t.co/Qru0HBvEfa",81,1,295,0,0,0,0,7
Maturity is when u realize this world is totally fucked up but I can still move on and find a way towards a happy l‚Ä¶ https://t.co/MQTprMaIUV,656,1512,4820,0,2,1,0,26
"If someone calls themselves reliable, honest, trustworthy, etc, that's a red flag that warns you that they aren't.‚Ä¶ https://t.co/3semIHiluH",147,2,359,0,1,3,0,19
@bahlivern Totally hurting the game industry. Which it clearly doesn‚Äôt deserve,1237,426,38924,0,1,1,1,11
i can‚Äôt even imagine how much their phone storage is hurting plssss,123,86,2699,0,0,0,1,12
All the new Bad Bunny fans hurting rn üòÇ https://t.co/o0q7733QHN,430,192,5922,0,0,1,1,10
IT‚ÄôS HURTING SM,1282,1593,15406,0,0,0,0,3
"Hurting people, hurt people.
And they never take responsibility.
Luke 6:45  ‚ÄúThe good man brings good things out of‚Ä¶ https://t.co/bETQqXeAim",1076,150,1759,0,0,2,1,19
My back be hurting,337,295,8469,0,0,0,1,4
@SE0NGHWX WHY DO U KEEP HURTING URSELF PLS,54,49,53,0,0,0,0,8
@LoriBen74428944 do you not realize that wearing masks aren't hurting anyone. wearing masks are preventing us from‚Ä¶ https://t.co/yFE5zkrzOi,37,1,41,0,0,0,1,18
Hurting from rain and not feeling great but I'm going live painting some action figures &lt;3 #live #twitch‚Ä¶ https://t.co/DvkRup1otA,479,470,6733,2,2,1,0,19
"Oh yeah, those really old games that aren't being sold anymore sure is hurting the industry :'( 
I guess I should b‚Ä¶ https://t.co/r4o5i1cIrj",57,12,373,0,0,0,1,23
@mommatofour_ With my first daughter I was 34 weeks and it was out of no where! I had some irregular contractions a‚Ä¶ https://t.co/fKygQtkxvO,749,871,16305,0,1,0,1,23
I‚Äôm tryna figure out why my stomach is hurting like there is absolutely no reason! I ain‚Äôt even eat nothing wrong  yet lol üôÑ,669,643,15010,0,0,1,2,25
That man walking like he hurting üò≠üòÇüòÇ https://t.co/G8M8vnOYNf,423,428,14404,0,0,1,1,8
my head is hurting and i'm ready to go üòí,699,724,16606,0,0,1,1,10
"@JonnyTzg ""But you're hurting those multimillionaire companies though.""",591,680,8642,0,1,0,1,8
"1Ô∏è‚É£ I did Group Therapy. This was great because it showed me that my pain was very relative.

I was able to see pee‚Ä¶ https://t.co/2Fv90k33UV",338,235,413,0,0,1,1,24
At work during sigma week I‚Äôm really hurting right now üò§üòÇ,3794,4636,22890,0,0,2,1,11
@AngelCoreVA Tf is this shit you said you weren't a furry you will pay for hurting skyrim and her people,488,58,2869,0,0,0,2,20
The most unhealthy decision a woman can make is to stay w/ a man when he is at his ‚Äúworst‚Äù. Staying doesn‚Äôt change‚Ä¶ https://t.co/FFffRfVGee,160,76,1904,0,0,0,1,24
@YZYPZY This is why I stay in the house...my knuckles woulda been hurting after this,513,338,6267,0,1,0,1,15
@YOURBABYKUMA why are they hurting you ?,771,419,5473,0,1,0,1,7
And the man is just too kind hearted to do what‚Äôs best for him so he‚Äôs suffering in relationship to prevent from hu‚Ä¶ https://t.co/hK0ABLfgBl,360,167,8310,0,0,1,1,24
help my teeth are still hurting and im having theatre üò≠üò≠,378,271,1086,0,0,0,1,11
@teamsuperxcorp WE DO BE HURTING ü•≤,655,4436,99776,0,1,0,0,6
i want (need) to break up with my boyfriend. but i‚Äôm so terrified i hate hurting people and i‚Äôm good friends with h‚Ä¶ https://t.co/eq20kstDcj,151,100,697,0,1,1,3,24
@SunRisers Noo my eyes are hurting üò≠pls stop,51,13,1042,0,0,0,1,8
Stomach Hurting ü•¥,107,80,1276,0,0,0,0,3
@ysazee hey cheer up stop overthinking you're just hurting yourself alagaan mo sarili mo i love you :(,0,0,4,0,0,2,1,18
"@nottheribbons And it didn't happen in a vacuum. There were hundreds of horrible, cruel tweets to him just yesterda‚Ä¶ https://t.co/5VxSIXPui6",502,2767,403290,2,10,0,2,20
"Why is everyone so angry about hottub streams

It's not hurting anyone and you don't have to watch them??? What's the problem?????",1084,118,6682,0,2,0,3,21
@mrsklvy @staceyabrams There is no such thing as ‚Äúhurting Georgia ‚Äú in this scenario without bludgeoning the middle‚Ä¶ https://t.co/Jkmvi20cr5,128,4,46,0,1,0,0,19
i hope u feel better from hurting me,118,62,4697,0,0,1,1,8
"My eyes hurting, my eyes hurting and my eyes hurting.
Lips dry, skin dry, if I cream it's more work to bathe off th‚Ä¶ https://t.co/jRFLgPDclR",587,94,3233,0,0,1,3,24
"so, beforw ypu go was there some thing i couldve aaid to make it all stop hurting",122,102,1130,0,0,0,1,17
FIREFLIES?? FELIX FIREFLIES??? what other than hurting me do you know how to do,115,62,1166,0,1,0,1,14
@thellujain Wrong. U need to express whats hurting u to someone at least,130,6,104,0,0,0,1,13
be the person you needed when you were hurting not the person who hurt you. you have to be better than what broke you. break the cycle,419,303,3266,0,0,1,4,27
@adamgreattweet And not hurting yourself while sleeping. And sleeping. #sleptwrong https://t.co/lUlw41UGg4,995,234,3428,0,1,0,1,11
@LIX0RBIT YOURE HURTING ME TOO,955,444,11374,0,1,0,0,5
it's 1am and you're hurting me https://t.co/XBLdX8ol3S,369,317,6331,0,2,0,1,7
My head is fuckin hurting omg,91,9,141,0,0,0,1,6
@yanna_movc sorry :(( im just hurting inside thinking this,368,380,6811,0,1,0,2,9
@rakitoon @RedSunday3 @KaladinSyl @GMA @colton @RobinRoberts No I expressed my opinion just like you and others hav‚Ä¶ https://t.co/9CoIqPIgNS,92,97,11844,0,1,1,0,18
@dave_doors @JamesSurowiecki @NateSilver538 Do they have a chapter about hurting your credibility by being a pompou‚Ä¶ https://t.co/fYGxP8aNI4,370,20,2605,0,0,0,1,17
"I Don't want to stop feeling.
I want to stop hurting.",22,2,10,0,0,0,1,10
@DarshanRavalDZ My phone just fell on my face a few mins back. Nose is still hurting üò£,61,278,15257,0,0,0,2,17
"@Mr__Slide Yeah, I guess she was used to all the praise she got last season when she went head to head with Leanne‚Ä¶ https://t.co/pCbwety1Ga",603,1045,25727,0,1,1,0,24
@prasannalara No left hander apart from Warner at top badly hurting  SRH..,145,21,329,0,0,1,2,13
"It can be really hard to support your partner when you're hurting too. But, it can be oh so necessary. ‚ù§Ô∏è‚Ä¶ https://t.co/RCHJvZhoix",192,182,2747,0,0,1,2,22
@faaithhyyy My heart is hurting but I understand,1464,1958,21710,0,0,0,1,8
@L0ST_VEGAS Really reconsider what you're putting out/making because it IS hurting you in more ways than one.,772,300,5414,0,0,0,1,17
huh.. my head still hurting.,1835,2325,43343,0,0,0,1,5
No worries I‚Äôll make sure to make those kinda films where black people aren‚Äôt always hurting or in struggle or in p‚Ä¶ https://t.co/9mSAt86D6a,1439,2040,10347,0,1,0,3,23
@L0V4LIX IM HURTING MYSELF,479,680,13896,0,1,0,0,4
"What? I don't really think emulating a 30 year old game you cannot find anywhere would hurt anyone. Besides, most o‚Ä¶ https://t.co/1b19z3eHJP",293,71,1548,0,2,0,1,22
@hkdetester His findings were not facts or real pure evidence just fabrication to make shameful money. They say we‚Ä¶ https://t.co/WaIZqW9TEy,41,6,315,0,0,1,2,20
im hurting myself BWHAAHAHAH,294,156,5224,0,0,0,1,4
"I can only do so much I‚Äôm only one person, seem like ever since I got money everybody say they hurting",268,429,36585,0,0,1,1,21
The way my stomach instantly started hurting,645,233,11899,0,0,1,1,7
Depression is on an all time high right now call and check on the ones who appear to be strong they might be hurting right now.,126,120,135,0,0,3,1,26
I told my son I can‚Äôt hold him all day kuz he hurting my back so either you can keep crying or relax ( I doubt he u‚Ä¶ https://t.co/7saCD5JIXT,665,715,104746,0,0,0,2,29
my days would be so much better if i wasn't a klutz i could just pass the day without hurting myself,852,653,14591,0,4,1,1,21
@L0ST_VEGAS Yeah nah I can understand that too...I kind of struggle with the same thing? I'd personally say to go d‚Ä¶ https://t.co/YvJmAROOlL,772,300,5414,0,0,0,1,22
@BigGayShaun oh heck. Lets hope the rest helps and you know shes not hurting.,330,446,16725,0,0,0,2,14
U rata Violence Le wena hleü§£ü§£ü§£ü§£ü§£...TL drama ha e u fete...but you look really wholesome and cool üòÑ...hape you love‚Ä¶ https://t.co/Qy3Klgm8Uu,4920,4155,35799,0,0,2,0,21
Depression is on an all time high right now call and check on the ones who appear to be strong they might be hurting right now.,1945,2072,17579,1,3,3,1,26
@iamnovibrown Yeah I just keep seeing so many bad takes everywhere and I just want people to want better for themse‚Ä¶ https://t.co/gsPlEz40jp,378,16138,125916,0,2,1,1,22
@3MIKO777 Bitch send love my way my little heart is hurting,50,29,386,0,1,1,1,11
@landonxk1rby @ruxi_v1 @lizzsaltzz but hurting your friends and people you love for that person is not obsession?!‚Ä¶ https://t.co/fxVoz6euN4,123,48,143,0,2,1,1,18
"I know it's hurting u, but's killing me",1558,349,19875,0,0,0,2,8
@JarvisBurgess4 @MarvelNerd89 @jimmyk12682692 @UltraWeedHater And who is he hurting by doing exactly what everybody‚Ä¶ https://t.co/8D06eZBtFO,352,72,2500,0,0,0,1,15
the accidental tell me you‚Äôre bored and rich without telling me you‚Äôre bored and rich i see online is hurting my br‚Ä¶ https://t.co/D28Di0vAXf,434,243,23924,0,1,2,4,23
"If you love them but they don‚Äôt entertain you , just let it go you hurting yourself ü§û",2933,3001,3693,2,11,2,1,18
Nowadays I can‚Äôt eat dairy without my stomach hurting and rumbling weird....what‚Äôs going on here https://t.co/XnD9K0opLp,119,47,7286,0,0,0,2,16
"Yes im really hurting the industry by emulating a game that isnt sold anymore, for a console not sold officially an‚Ä¶ https://t.co/1YrFfTaqff",609,253,22721,0,2,0,1,22
"@_zvraa Would get it checked out if its hurting a lot, may be a bacterial abscess or maybe your wisdom tooth impact‚Ä¶ https://t.co/X6lFANrO97",219,261,6581,0,1,1,1,23
I drove by a little injured black bird in the street and I couldn‚Äôt stop to pick him up my heart is HURTING https://t.co/EEtVz4QoAT,147,323,13887,0,0,0,0,24
"@redlianak You end up feeling like deviant for asking for something like ""just sever the nerve so that it stops hur‚Ä¶ https://t.co/JVe7SjrJa7",418,1201,18705,0,0,2,1,22
"@Obi1Shinobii Man my ass was still walking around like I was in Vegas üòÇ i got a runny nose, stuffy nose, sore throa‚Ä¶ https://t.co/3yUUp0JiSD",814,751,67295,0,0,1,2,24
i cant read the narations the color combination hurting my eyesüò≠üò≠üò≠ ‚Äî I'm so sorry :(( I'll post another version of‚Ä¶ https://t.co/JghFmRtXG0,138,296,2507,0,0,0,2,22
@EloquentEnigma @DesideriaMesa My arm is still hurting from your joke üòÇüòÇüòÇ,12617,13477,296819,0,1,0,2,11
i should be studying rn but my heart hurts sm bc of the untamed ffs it's hurting my soul,1917,1885,108674,0,2,0,2,19
"@HOOPERDAD @Timberwolves @NBA Yes, he shouldn‚Äôt have run from the police. He should have handled it calmly. But as‚Ä¶ https://t.co/nCAhyLSgTa",57,25,3668,0,0,0,0,20
"Bwana Daktari @EzekielMutua, Embarambamba needs mentorship. The concern would have been how best can we harness thi‚Ä¶ https://t.co/1DhsUcCjCa",33890,46870,78501,3,22,1,1,18
@gr20053 Emulating decade old games is hurting the industry guys stop being mean :( /j,580,418,6904,0,1,0,1,15
@SCRIPTEDMIRRORS i don‚Äôt think he knows he‚Äôs hurting them cause he doesn‚Äôt know i like him üòÅ,2739,3330,46732,0,1,1,1,17
"‚ÄúEvery day, I was seeing how this pandemic was hurting many families around the world and here in my community, and‚Ä¶ https://t.co/W7mJH9SW1p",115,2659,3855,0,0,0,1,22
@Mansoor_chadhar @pawanpurohit19 @HassanNisar Then why protestor are hurting common citizen. Those who make violenc‚Ä¶ https://t.co/f3D1wMQxMz,145,3,25,0,0,0,1,15
"folks, seriously: if you love hip-hop culture and history and aren't listening to this podcast, you're only hurting‚Ä¶ https://t.co/CLW4tcKYzH",813,143,17665,0,0,1,0,19
Legit hurting bruh. My stomach hurts from laughing üòÇüòÇüòÇ https://t.co/BM9cvNMTuw,1604,1132,78751,0,0,0,2,10
"Iran's Rouhani says 60% enrichment is an answer to attack at Natanz site 
Since they have sign a deals with China,‚Ä¶ https://t.co/01OamYuMFk",0,2,1089,0,0,1,1,22
My Stomach Was Hurting So Bad Last Night It Woke Me Up Out My Sleep ü•¥.,625,626,158562,0,0,0,0,16
I feel like I can definitely braid someone else's hair at this point.  But I still struggle with doing my own hair.‚Ä¶ https://t.co/yTtLjwjthF,67,2,83,0,0,1,1,24
"@yopersonaljesus I think it's hurting more than it helps. We already knew he was high, so he just yapped for 4 hours to end up here?",1551,1068,7623,0,0,0,1,26
"@StandWithUs Monumental Miscarriage of justice! HURTING. 
""As long as poverty, injustice and gross inequality persi‚Ä¶ https://t.co/QOUTEgSVhi",1122,349,4337,0,1,0,4,16
@CEMETERYLVRS This is hurting my brain. I hate English,57,47,30,0,1,0,2,9
I'm done hurting you. It's time for you to forgive me :),107,10,553,0,0,0,1,12
my head is hurting sm,1283,934,12701,0,0,0,1,5
OMGGGGG I remembered @phuwintang 's twitch stream last time and I told him that my wisdom tooth is hurting and he t‚Ä¶ https://t.co/vXeudpyHBG,90,308,81927,0,1,1,1,23
I‚Äôm 19.. my back should not be hurting like THIS,340,370,6716,0,0,1,1,10
"#Day25
My stomach won't stop hurting. Another bad day. Also, I wrote very sad things today.. after a long time I guess.",123,942,21552,0,0,0,3,21
I feel like hurting someone after listening to this https://t.co/oWG02soWe2,404,192,86100,0,0,1,1,10
"I got the J&amp;J CCP Virus Vaccination the past Saturday.  

Post-vax: Sore arm.  Fever and chills.  Hip joints hurtin‚Ä¶ https://t.co/nbcthUzKDo",819,666,25182,0,0,0,0,23
CEO of hurting my own feelings without any fuckin'reason.,33,48,518,0,0,0,1,9
@gellocheeks Stop it. You know people are really hurting over his absence. Just stop it.,348,302,17367,0,0,0,2,15
@naturaltropius Can they also not get mad when artists and creators literally ask nicely for credit. Like WE'RE the‚Ä¶ https://t.co/mtKqJf3OcX,1201,706,9297,0,2,1,1,20
@mongreltooth Apex really be hurting us lifeline mains rn üòî,1619,819,5828,0,1,0,1,10
my throat crazyyyyyyyyy..... he gone keep hurting you ü§∑üèæ‚Äç‚ôÄÔ∏è,653,906,46107,3,2,0,1,9
@such_A_frknlady Women in general! I wouldve rocked his fatass right when he mentioned hurting her,382,122,13228,0,0,1,1,15
"I'm amazed how our memories work.
It seems we choose sides, and our team can do no wrong, while the other side is a‚Ä¶ https://t.co/TGyDjUYSQX",14,5,1855,0,0,2,1,24
@vkeclipse wow now YOURE hurting me im rereading your qrts and im üò≠,49,458,1393,0,0,1,1,13
"@bassdrip Hellllll yeah that's the goal honestly, make sure everyone's ear don't get blown out and everyone has a g‚Ä¶ https://t.co/DJ95dImrdH",883,1843,9138,0,1,0,0,21
Bruh they got me hurting ü§£ü§£ü§£ü§£,893,1371,9336,0,1,0,1,6
@LoveBrightwin_ idk somewhere its hurting,368,380,6811,0,0,0,1,5
"@trboxing They‚Äôre was no jab that, just wild hurting power shots",498,1751,15843,0,0,0,2,11
@ICT_SRHFAN It's more hurting to see Kaviya maaran like that..she's utterly disappointed.,204,12,170,0,1,1,3,12
you're hurting my feelings bro,35,5,75,0,0,0,1,5
Why are all my bones hurting,66,27,1049,0,0,0,1,6
"@starryrn25 @tribranchvo Lmao my arm stopped hurting two days ago I‚Äôve been turning up. Got headaches tho, but surv‚Ä¶ https://t.co/fMmuCqpKuX",471,64,7257,0,0,0,2,20
@MyahMorton_ Like it‚Äôs almost hurting me at that anybody could possibly be this clueless.,207,128,5101,0,0,0,2,14
@bunniewails @_noorio @Uidward_A Thought it was funny when I first saw it but it obviously is hurting Noor and just overused at this point,443,229,11780,0,3,0,2,24
"@gogorabbit Congrats! I've done some independent research, and can confirm that the second dose doesn't prevent one from hurting ones back.",177,848,4052,0,1,0,1,21
"If you‚Äôre not hurting yourself or hurting others, why can you just do what you want with your body and lifestyle. (Obvs nothing illegal)",1826,348,2563,0,0,0,3,24
@soobseuphoria im hurting so much,0,0,12736,0,0,0,1,5
I thought the hurting was over but nooooo Felix is choosing violence today,810,811,15303,0,0,0,1,13
i got the second dose today and my arm hurts so bad but i don‚Äôt have time for this shit so pls stop hurting,925,1987,18259,0,0,0,4,24
"@WFKARS I am still at ""never heard of him"" and as long as he's not hurting anyone, ""don't care"" and ""enough"" applies, too.",493,399,6778,0,0,1,1,23
"@Topifer_ *she pouts and looks up at him* they might seem fine, but you know, they have to get kissed every 5 minut‚Ä¶ https://t.co/X7yhGKCkqM",499,272,26767,0,1,1,0,24
@w00yu i‚Äôm hurting myself too i can‚Äôt go on,231,285,5279,0,1,0,1,9
"I know it‚Äôs hurting, she salty I scarred her",136,133,2464,0,0,0,2,9
CNN Director: Network Hammering Gaetz ‚ÄòTo Keep Hurting Him‚Äô Because It‚Äôs ‚ÄòGreat‚Äô For Democrat Party https://t.co/ZQTkcycHRu,104,69,55807,0,0,0,0,16
@Here2boopsnoots He's hurting his sponsors because the gains they receive will be temporary. Most will unfollow aft‚Ä¶ https://t.co/rcqhwheJUO,613,1722,7190,0,2,1,1,18
@JP10n It's easier for people who are hurting themselves to hurt the more vulnerable.  (People who are kind and ope‚Ä¶ https://t.co/OysBMRoriV,322,253,6800,0,0,1,3,22
"#SRH keeping Kane Williamson on the bench is hurting them now!
#SRHvRCB",201,67,529,0,0,0,1,11
"This absolutely hits home. My own blood relations are seldom there when I'm hurting, so I need to make a new family. https://t.co/blwgn1IjEj",1351,984,36302,0,1,0,1,23
@CandicePlayz why do you want us to feel bad for you you know what you have done and hurting your friend feeling is‚Ä¶ https://t.co/ueDOBt7xq9,761,336,5362,0,0,0,2,24
"No

Emulation is not Illegal

Also if they don't make the Games or system Anymore it's not Hurting them because the‚Ä¶ https://t.co/YHOrSrBNFA",2005,552,46179,0,6,0,0,20
"@SSmiley https://t.co/kiuSWeQ6br
THIS ONE LOVES HURTING ME LMAO TURN THE CAPTIONS ON BESTIE",146,40,257,0,2,0,0,12
that vase didn't break out of nowhere. i'm sleeping in this room with you whether you like it or not. i can't have‚Ä¶ https://t.co/qGzvXV0xxH,6,11,4743,0,0,1,1,24
"The karma comes from the fact that you know your actions are hurting someone else, and you‚Äôre doing them anyway. Th‚Ä¶ https://t.co/dJZuA7Jycy",1296,49388,338160,9,20,0,1,22
Concept: hurting thots . it has some potential. it's tragic,2,8,63442,0,0,0,2,10
my head is hurting because im just tweeting and retweeting and liking for last one hour but i don‚Äôt care about my h‚Ä¶ https://t.co/3dl9tzrUI8,191,86,379,6,7,1,1,24
Why won‚Äôt you stop hurting me?,9,188,4681,0,0,0,1,6
Sounds like security at Wal-Mart has alot of free time on there hands and also the Manager and some Employees need‚Ä¶ https://t.co/D9uh7MeyGw,137,217,5704,0,0,2,0,22
"My back be hurting so bad, I be ill asf",443,508,25522,0,0,0,2,10
@DESERTB1TCH I know. I think I'm more worried about hurting them. They feel fragile. Can I smell them? /Genuine question,20,18,230,0,0,0,4,20
The way my side hurting I feel this girl does beat me in my sleep,296,516,2110,0,2,0,1,15
"""...if they all had to have 4 year degrees at an academy with an emphasis on psychologically screening out authorit‚Ä¶ https://t.co/id8MDMsE69",3441,3185,83009,0,0,0,0,21
I keep hurting myself these days,489,342,1658,0,0,0,1,6
My chest been hurting lately üôÑ,116,123,1884,0,0,0,1,6
@Eugene_Robinson David Fowler acts like a pompous ass on the stand... The defense is hurting themselves keeping thi‚Ä¶ https://t.co/73WGqZJXWI,227,5,404,0,0,1,2,19
"@Ben1Smart1 @dhegdeer @lxghtoflove @lezsbians If male bodied people are trying to be In our spaces, then yes, they‚Ä¶ https://t.co/0e97FWdu8F",678,582,11707,0,0,0,0,19
"@PinkDante He's hurting himself. I know he doesn't think he is, but he is. It's making ppl second guess everything.‚Ä¶ https://t.co/WON6OEL5Jw",1243,943,31637,0,1,0,1,21
@WISH_TV @DrMaryGillis Come on @wish this is not news.  The reality is the side effects from the Covid 29 vaccine a‚Ä¶ https://t.co/32wW0WLJZQ,231,45,984,0,0,0,0,23
"Somebody check on Mike and Sam and the rest of the Cleveland Payroll Guardians this afternoon.  

They‚Äôre hurting.‚Ä¶ https://t.co/d1mwZm3AmU",2541,2637,2985,1,6,0,0,20
Bro.....why you hurting yourself??? https://t.co/9eWMHPkrVD https://t.co/X8MXqIa0iW,458,173,6138,0,0,0,1,6
@LeahHoustonMD @NurseLexiJ @jidebam I‚Äôm actually done with this because at this moment (though I know you could car‚Ä¶ https://t.co/AV8rUW6yfC,626,928,9618,0,1,0,0,19
"@Leah_BabyCakes @Destiny_Wasson As far as I'm concerned it's a question of harm done. A ship does not, on its own,‚Ä¶ https://t.co/YWwhnqTjfh",113,76,12368,0,0,0,2,21
@peacelovinMimi Me neither! It‚Äôs their problem. I also hate people who are shaming others for wearing a mask. I mea‚Ä¶ https://t.co/ZgNnW6uOI6,199,216,1800,0,1,0,2,21
can they just stop hurting them ????? leave my babies alone let them be happy and happy together,1061,1501,97950,0,0,2,1,18
"Real talk here for a sec:

I think the Bible says no sex before marriage bc God‚Äôs trying to keep us from hurting ou‚Ä¶ https://t.co/SSqUxfnf2Q",119,56,1374,0,0,0,1,24
@GregConlin @ABC You have no clue how criminal law works. Learn before you speak. Homicide statutes have definition‚Ä¶ https://t.co/itZJVlTQTl,207,6,431,0,0,1,1,19
"Here's the thing about me, I don't care if I agree with you. If you're doing something, (as long as it's not hurtin‚Ä¶ https://t.co/5Hiah33gQ5",597,230,6793,0,0,0,0,24
having a font in my dn is hurting my eyes o dearie,1759,1189,29973,0,0,0,1,12
just popping in to say that if you hold me without hurting me you‚Äôll be the first who ever did,573,696,12612,0,6,0,1,20
My hearts been hurting so much recently  I don‚Äôt think I‚Äôve felt this low in my life for a long time. I don‚Äôt even‚Ä¶ https://t.co/x3xWjiVqnG,637,192,3793,0,0,0,1,26
oh my god megumi stop hurting me https://t.co/vxcKUFVrsn,323,530,34988,0,0,0,1,8
will my head ever stop hurting?,189,439,35408,0,0,0,1,6
bone hurting juice for your ears,635,1717,108303,0,1,0,1,6
@SixBrownChicks A3.  Consider yourself blessed and highly favored that she is still your wife AND she is driving yo‚Ä¶ https://t.co/BPM6HbbB3H,2790,332,15559,1,4,1,0,21
My head's hurting again https://t.co/mE0uW7HjQG,303,120,6052,0,0,0,1,5
"@BriarPatchDude @RickWrightNow @GinaPra23622738 Omg, i know! I'd be hurting after eating a fourth of it! That baked‚Ä¶ https://t.co/kJKqIbhE9A",547,467,2444,0,3,0,1,18
"@mrsklvy @staceyabrams Hypothetical ?,  if a parent hurt their child, and there was no legal recourse. would you su‚Ä¶ https://t.co/EJzlOt2Rx9",60,5,436,0,1,0,1,21
@JosephFort3 @BErickson_BIO @AlexBerenson @moderna_tx @pfizer @JNJ My logic includes wanting to stop the virus from‚Ä¶ https://t.co/xjTQoa3v7K,41,1,118,0,0,0,1,16
@paigeetuttle hurting my feelings,85,44,879,0,0,0,1,4
Really salty my mouth is still hurting. I‚Äôve just been silent all day bc I yawned earlier and almost cried ü•¥,360,378,87449,0,0,1,1,21
"@drwhopodcasters ...You‚Äôre hurting me...YOU CAN‚ÄôT MAKE ME CHOOSE BETWEEN MARCO POLO, THE MOST BEAUTIFUL DOCTOR WHO‚Ä¶ https://t.co/3taLOhYlBQ",17,30,1023,0,2,0,1,17
@TinResistAgain @ruthbenghiat @MalcolmNance I don‚Äôt understand why they would keep this up and end up in prison los‚Ä¶ https://t.co/Ce3FKi3TN8,16,37,4963,0,0,0,1,19
"my face is so swollen, my mom said it‚Äôs hurting her feelings. üòÇüò™",1214,1278,71653,0,1,0,2,13
Be happy in our safe zone without hurting anyone. GN üò¥‚ù§,0,4690,2712,120,278,2,1,11
"Stuff be hurting, but fr.. you gotta keep it playa and let it rock.",1354,4153,199984,0,0,0,1,14
"@Americanrebeli1 Yeah, but they're also more inclined to turn the community against the members hurting the communi‚Ä¶ https://t.co/uFGYRXYMQG",2402,2025,2944,0,0,0,1,18
My alcohol tolerance done went down man I been hurting myself lately üò©,293,299,4724,0,0,0,1,13
"&lt; mangled hand and rolling on the pavement. 

Selene is in hysterics now, barely able to see through the tears stre‚Ä¶ https://t.co/qss59EbfNX",498,591,50983,0,0,0,2,22
"You're still the one that's in my heart, so if you're hurting, I am too",123,95,124363,0,0,0,1,15
"You hope I'm hurting 
and I hope you great https://t.co/ftb22oLN7J",177,261,6536,0,3,1,1,10
@badvgtakes @EggsNoCntxt I want to play a bunch of GameCube games but they‚Äôre all marked up by a lot by resellers a‚Ä¶ https://t.co/3IVrtYCLzI,166,11,955,0,0,0,0,23
"@Chandler_Rome Dusty being Dusty , this same type of stuff happened on his other managed teams . It seems everybody's legs are hurting.",51,21,2532,0,0,0,1,23
@elsaFCB You reflect and try to stop hurting others and yourself,129,358,27462,0,1,0,1,11
@JotyKay Don‚Äôt feel guilty. He‚Äôd never want to see you hurting. Read this üíó https://t.co/sb5eDm4DlF,222,1405,3710,0,4,0,2,15
@Nero_Shen47 I'm always glad to know I'm hurting the industry. https://t.co/8sqFlJHfCp,444,62,22516,0,0,1,1,11
@BrooklynNets @HSpecialSurgery KD is out because he‚Äôs too much on Twitter and now his eyes are hurting ü§£,565,2950,3372,0,5,0,1,18
@iowademocrats @IAGovernor Really?  Yyou say bad Govervor because Iowans are hurting but then sIowans are great so‚Ä¶ https://t.co/HI0difUA2E,119,20,2900,0,0,1,2,19
Our Young Supporters Community is hosting a (free) virtual event: ‚ÄúHelping Without Hurting: A Convo on Volunteerism‚Ä¶ https://t.co/Emkok4AuI9,360,3622,3682,0,0,1,0,18
You want to double dip on crypto profits? Invest all your money and become a chiropractor.... everyone‚Äôs back gunna‚Ä¶ https://t.co/Sm4J8e8OGP,16,14,147,1,1,0,0,20
@FabioTarantino I'm ok. My mouth was hurting pretty bad but I didn't know my teeth were cracked til I brushed them‚Ä¶ https://t.co/ikN2YKY3NE,5507,5232,5557,0,0,1,3,22
"I was also super ashamed of who I was. I thought I was not brilliant because I did not speak well in public, could‚Ä¶ https://t.co/8hQnZL5bXX",48,21,114,0,1,3,1,25
I‚Äôm spine be hurting af AAAAAAAA,437,454,3278,0,1,0,1,6
stop hurting nice people bro lol,1753,1832,22997,0,1,1,1,6
My mom is cutting onions far far far away from me and I'm crying it's horrible my eyes are hurting,593,758,5158,0,4,0,2,20
@That_Desi_Girl Is ur stomach hurting? Then in cryptic way u can divulge.,594,640,15830,0,0,0,1,12
@beingyemilaor It has nothing to do with you.  He most likely had expectations and couldn't be mature enough to han‚Ä¶ https://t.co/5fdLfoim6a,723,812,8733,0,0,2,0,22
Last night a guy asked me why I‚Äôm nice to him when he keeps hurting me. I have never been sooo confused before because HURT?!? When?üòÇüòÇüòÇüëÅ,370,1362,10861,0,3,1,2,26
"Shame made Adam &amp; Eve hide their nakedness from God. As long as you‚Äôre unwilling to acknowledge what‚Äôs hurting you,‚Ä¶ https://t.co/awfUajVAi0",125,509,8265,0,0,0,2,21
@praveenpandey @girishgoyal821 @koltepatilltd @kolhe_amol @GpWagholi @AjitPawarSpeaks @CMOMaharashtra‚Ä¶ https://t.co/FaD2vfFRmK,1506,497,1850,0,0,0,0,8
@kylegriffin1 She stopped another officer from hurting someone it should not be looked at as a betrayal. It should‚Ä¶ https://t.co/htycKzbAAV,400,225,3355,0,5,0,2,20
Chahal's wicket less bowling is hurting RCB. We are not winning anyway.,172,401,11575,0,0,1,1,12
"His chest tightened the more he described this so-called crush of him, that he had to resist the urge to frown . Ho‚Ä¶ https://t.co/4PJGoKDRTw",126,132,624,0,0,0,2,24
@Call_Me_Ryan_ Morning Ryan my eyes still hurting https://t.co/c8cJ2oLgHZ,366,170,3115,0,1,0,1,8
@GIFsOnly4 @ABC You have no clue how criminal law works. Learn before you speak. Homicide statutes have definitions‚Ä¶ https://t.co/nXg8pFopH4,207,6,431,0,0,1,1,19
"my wisdom teeth right now: hey, guess what? i decided to start hurting you today. you didn't have anything to do th‚Ä¶ https://t.co/k1nSH3Whyt",50,64,108,0,0,2,1,23
@AOC Tragic horrible death but is there not one person that can come out and say if he wouldn't have resisted arres‚Ä¶ https://t.co/R23xLIkqrl,27,12,472,0,0,0,2,23
I just am aching for some understanding and I fucked up the most important friendship I've ever had so I'm just hur‚Ä¶ https://t.co/8iXrk5ekZK,354,376,4436,0,2,1,1,23
@SocialistBoomer The one thing Bernie got that so many didn't is that these culture wars arise OUT of economic priv‚Ä¶ https://t.co/dZt11rocmZ,366,309,17253,0,1,0,0,21
"Dear me , please stop falling in love with the second lead you are hurting yourself üò≠üò≠ https://t.co/TQ4NQugWuz",151,62,5910,0,0,2,2,18
the video game industry isnt ur friend and how is emulating a game from 2012 that isnt sold anymore hurting the ind‚Ä¶ https://t.co/O8qnPaYAJk,390,295,11063,0,2,0,1,23
"*After falling onto the wet sidewalk, hurting herself in the process

Also, I love the typhoon strips :P Can't say that enough",137,218,27660,0,2,2,2,21
